,,
,,
CRC 5-1,ORAL PRESENTATION #1,"July 9, 2026 | 09:00 AM to 10:30 AM"
Paper ID,Paper Title,Author Names
47,Multi-Agent based Energy Management Operation in Multi-Microgrid System,"CHAUDHARI, MADHURI; BHATTAR, CHANDRAKANT*; SURYAWANSHI, HIRALAL"
75,PV Supported Series DC-Electric Spring for Minimization of Storage Capacity in DC Microgrid,"Gawande, Snehal*; Mopari, Shrikant; Deshmukh, Shailesh"
105,Advanced Optimal Coordination Strategy for Overcurrent Relays in Smart AC Distribution Networks,"Bashir, Javeed*"
116,Integrated Energy Management with Hydrogen Demand: Optimizing Industrial Costs through BESS-Grid Trading,"Badar, Altaf Q H *; AFZAL, MOHD; Salodkar, Prachi"
225,PLL-Less Control with Multi-Mode Operation of Distributed Energy Resource Fed Inverter Ensuring AC Microgrid Reliability,"RAY, PRAGNYASHREE*; Shaban, Said Kasasura; ., Himanshu; Sen, Priyanka; Senapati, Laxmidhar; Behera, Pradyumna Kumar"
279,Optimizing Load Dispatch in EV-Integrated Microgrid via the Hybrid GSA-WOA Algorithm,"RAJ, HIMANSHU *; JAISWAL, SUPRIYA"
,,
,,
,,
,,
CRC 5-1,ORAL PRESENTATION #2,"July 9, 2026 | 02:00 PM to 03:30 PM"
Paper ID,Paper Title,Author Names
303,A Geometry-Dependent Framework for Predicting Wind Field Recovery and Quantifying Building Wake Impacts on Wind Turbines,"Prajapati, Navalkishor*; Paul, Santanu; Keprate, Arvind"
306,SCAPS 1D Analysis of Thickness- Driven Defect Density in Tin Based Perovskite Solar Cells ,"C, Dhivya Bharathy; P, Sriramalakshmi*"
382,Precision Control of a Stewart-Platform-Based Dual-Axis Solar Tracker Using Joint-Space PID Regulation,"Nishad, Dashrath *; Srivastava, Ankit; Prakash, Surya ; Singh, Ashutosh Kumar "
425,Mitigating Low-Frequency Oscillations in MMC-HVDC Integrated Offshore Wind Farms,"Tripathy, Ritwik*; Maulik, Avirup; Pandey, Jeewan Chandra"
649,Virtual Synchronous Generator-based Grid-Forming Control of a DFIG-based Wind Energy Conversion System,"Khajouei, Javad; Uddin, Mohammad*"
707,Event-Triggered Grid Impedance Estimation for Adaptive Virtual Synchronous Generator,"JADEJA, PRATIPALSINH*; BAKROLIWALA, ASFAQ; DARJI, PRANAV"
,,
,,
,,
,,
CRC 5-1,ORAL PRESENTATION #3,"July 10, 2026 | 09:00 AM to 10:30 AM"
Paper ID,Paper Title,Author Names
924,Protection of Solar PV Integrated Distribution Networks Using Multi Agent System and Wavelet Transform,"TALUKDER, PAHELI*; Gafoor Shaik, Abdul"
945,A Refined Mathematical Model for Hybrid Output Converters: State-Space Analysis and Stability Assessment,"Verma, Chandan *; Sena, Sanjay; Kumar, Ashok"
977,A Novel Enhanced Gain DC-DC Converter for 800V Fuel Cell Electric Vehicle,"Bashir, Yasir*; Edpuganti, Amarendra"
989,Sustainable Energy Management and Distributed Resource Planning in Remote Military Microgrids,"KUMARI, SAKSHI*; Krishan, Ram"
1026,A Novel Multi Level Active PV Cleaning Model,"PARUVU, RAVITEJA*; SINGH, GURVEER"
1131,Physics-Informed Neural Network-Based Season-Wise Temperature and Power Prediction of Heterojunction with Intrinsic Thin-Layer Photovoltaic Module,"Gofane, Manoj*; Magare, Dhiraj; Jadhav, Sharad"
,,
,,
,,
,,
CRC 5-1,ORAL PRESENTATION #4,"July 10, 2026 | 02:00 PM to 03:30 PM"
Paper ID,Paper Title,Author Names
1256,Three-Phase Digital Frequency-Locked Loop Based on Zero-Crossing Detection for Distorted Grid Conditions,"Naman*; Teja, A.V. Ravi "
1404,MHSI-Based Single-Phase Loss Detection for Grid-Interfacing Transformers,"Singh, Kunal; Kumar, Umesh; Das, Anubrata*; Maulik, Avirup; Verma, MK"
1418,Optimal Power Flow in Solar-Integrated Systems Using Skill Optimization Algorithm,"Rishabh, Rishabh*"
1426,Microclimate Dynamics Under Photovoltaic Modules with Different Cell Spacing Configurations,"Khan, Samar*"
1435,A supervised FDV-SVM algorithm for the automatic generation control in renewable energy assisting electric vehicle based grid integrated system,"VERMA, GAURAV*; BHUSHAN, BHARAT; NAGARAJAN, ST"
1575,An Advanced SELMS Based Algorithm for Single Phase Grid Interactive PV with Islanding and Re- Synchronization Capabilities,"Kumar, Dheeraj *; Singh, Sanjeev; Kumar, Shailendra"
1616,Control of an Islanded Microgrid with EV Charging Port.,"Jana, Sujoy*; Maiti, Suman; Chakraborty, Chandan"
,,
,,
,,
,,
CRC 5-1,ORAL PRESENTATION #5,"July 10, 2026 | 04:30 PM to 06:00 PM"
Paper ID,Paper Title,Author Names
1633,Grey Wolf Optimizer Tuned LMS Control for Power Quality Enhancement in Grid-Connected PV and PMSG Wind-Based EV Charging Stations ,"KUMAR, SANJAY*; KUMAR, Shailendra ; Singh, Bhim "
1680,Assessing Synchronous Condenser Placement and Parameter Sensitivity in Renewable-Rich Power Grids: Application to Rajasthan Region ,"Gulati, Aruna*; Senroy, Nilanjan"
1683,Capacitor Charging Based Global Peak Tracking Algorithm for Grid Connected PV Systems Under Mismatching Conditions,"Pal, Indra Jeet; Ramana, Vanjari Venkata*"
1685,Model Predictive Control based Flyback - Bidirectional based Energy Storage System (FBESS) for a Wave-to-Wire Energy Converter,"Chaudhuri, Satabda*; Kapse, Saket; Santhanakrishnan, T;  Chuadhuri, Abhijit; Karuppaswamy B, Arun; Samad, Abdus"
1733,Control and Performance Analysis of Wind Energy Conversion System Under Wind Gust,"Singh, Himanshu*; Singh, Madhusudan ; Singh, Bhim "
1785,Estimation of Transformer Winding Series Capacitance Using Frequency Response Analysis,"P, MUBARIS; Muhammed P. E, Dr. Ashiq *; Mathew, Boney; K V, Dr. Shihabudheen"
1888,Droop-Augmented Distributed Model Predictive Control for PV-Hydrogen DC Microgrid,"Uniyal, Amit; Lamba, Ravita*"
,,
,,
,,
,,
CRC 5-1,ORAL PRESENTATION #6,"July 11, 2026 | 09:00 AM to 10:30 AM"
Paper ID,Paper Title,Author Names
842,Enhanced LVRT Capability of Grid-Connected DFIG Wind Turbines Using Crowbar-Coordinated Fuzzy-PI Control,"RANA, RAJKUMAR*; Chakraborty, Arindam;  Maity, Tanmoy"
843,Battery Energy Storage for Renewable Energy Penetration in India,"Kumar, Veepin*; Suman, Ravi Kumar; Kumar, Rajesh; Jain, Himanshu; Choudhary, Deepak; Kumar, Chejarla Aswani"
849,SSS-NLMS Algorithm-Based Control Topology for Enhancing the Performance of the DFIG During Grid Disturbances,"Chakraborty,  Arindam*; Maity, Tanmoy"
867,Decentralized Active Disturbance Rejection Control for Hybrid Energy Storage Based Grid Forming Inverter System,"Panda, Mrutunjaya*; Chankaya, Mukul; Kumar, Prashant; Devara, Vijaya Bhaskar"
914,A Disturbance-Rejection Synchronization Technique for Bidirectional PV-BES Converters Using Conjugate Third Order Genralised Integrator based FLL,"Singh, Akhand Pratap*; Bansal, Yashasvi; Singh, Bhim"
919,Dynamic State Estimation of PMSG-based Aggregated Wind Farm in Connected Power Systems Under Varying Wind Speed and Grid Disturbances,"Prashant*; Mir, Abdul Saleem; Das, Biswarup"
,,
,,
,,
CRC 5-2,ORAL PRESENTATION #1,"July 9, 2026 | 09:00 AM to 10:30 AM"
Paper ID,Paper Title,Author Names
81,Hybrid Differential and Adaptive Overcurrent Relay Strategy for Enhanced Fault Protection in Grid-Connected and Islanded Microgrids,"Kite, Mrunali*;  Wakte, Ganesh; Pande, Mukul; Sakhare, Minakshi"
145,A Modified Single Carrier Based PWM Strategy for Modular Multilevel Converters With Improved Harmonic Performance and Capacitor Voltage Balancing,"Gogoi, Diptakantha*; Dash, Jyoti Ranjan; Agarwal, Pramod"
173,Enhanced SEPIC Converter for Renewable Energy-Fed Electric Vehicle Applications Using Coupled Inductors,"RAJESH, DUDDU*; Suresh, D"
179,Design of Dual Switch High Gain SEPIC Based DC-DC Converter,"Pohiya, Aayushi*; Shukla, Kapil"
216,Iterative Prediction of Si MOSFET Junction Temperature Using Fixed-Point Method with Temperature-Dependent Resistance,"Patil, Shivam; Sapkale, Yogendra; Raut, Durvankur; Deshpande, Ashish*"
243,A Novel Hybrid Modulation for Talkative Power Conversion with PR Controlled Grid Connected Five-Level Dual T-Type Inverter,"Rajender, Ch; A, Kirubakaran*"
,,
,,
,,
,,
CRC 5-2,ORAL PRESENTATION #2,"July 9, 2026 | 02:00 PM to 03:30 PM"
Paper ID,Paper Title,Author Names
258,An Isolated Proportional Base Driver for BJTs used in Cell Equalization Circuits.,"MATHEW, JOSHUA*; Umanand, Loganathan"
263,Boost Converter Performance Analysis with Adaptive PI and LC Filtering,"Sarita, Kumari*; Pandey, Priya; Kyathasandra, Anand Kumar "
316,Submodule Redundancy Based Fault-Tolerant Control for Modular Multilevel Converters: A Comprehensive Review,"ANGURU, DEEPAK*; VEMPALI, BHUMA NAGA SATYA SAI; RONANKI, DEEPAK; SRINIVAS,  SRIRAMA"
367,Non-Isolated Coupled Inductor Based Boost  Converter With Optimized Structure,"Rathore, Vikas *"
383,Design and Analysis of a Free-wheeling type DC Solid State Circuit Breaker for Data Center Applications,"Srivastava, Vipul; Gouse Mohiddin, Mahammad*; Chakraborty, Surja Sekhar"
460,Switched Capacitor Based Single Switch High Gain DC-DC Converter for Heavy-Duty Electric Vehicles,"Prajapati, Ashish*; Singh, Aakash; Bharadwaj, Pallavi"
,,
,,
,,
,,
CRC 5-2,ORAL PRESENTATION #3,"July 10, 2026 | 09:00 AM to 10:30 AM"
Paper ID,Paper Title,Author Names
611,Flywheel Energy Storage System for Electric Vehicle Infrastructure: Case-Study and Design,"Sengwa, Nikhil; Gawas, Deval; Sampathirao, Sashidhar*"
745,Experimental Validation of DC Voltage Recovery With Droop Control Behaviour in Inverter,"Garg, tapan; Yadav, Piyush*; yadav, ravi"
774,Performance Analysis of Bidirectional 3-Phase Switched Capacitor MLI for PMSM Drives,"Shetty, Anup*; Roy, Tapas"
775,"Electrolytic Capacitor-less, Split Capacitor Based Minimal Power Processing Single-Phase LED Driver","Pallapati, Ramesh*; Pallapati, Ramesh Babu"
833,Sensorless Direct Torque Control of Five-Phase Induction Motors Using Rotor Flux Observer for Electric Vehicle Propulsion,"Jaladi, Dr. Kiran Kumar*"
898,Novel Semi-Quadratic Buck-Boost Converter for Electric vehicle Applications,"Siva Rama Ganesh, Motepalli; sudha, R Pradeep *; SasiKumar, Dr. S. ;  Priyadarshini, Kota; Durgasi, Ms.Veda Varshita ; Peri, Ms.Lakshmi Aparajitha "
1604,An Improved Bidirectional Multi-Output Nine-Level Buck PFC Rectifier With Minimal Switch Count,"Koli, Ankush*; N, Sandeep; Tiwari, Harpal"
,,
,,
,,
,,
CRC 5-2,ORAL PRESENTATION #4,"July 10, 2026 | 02:00 PM to 03:30 PM"
Paper ID,Paper Title,Author Names
902,A Modified Two Switch Enhanced Gain SEPIC (TSEGS) with Solar PV for Battery Charging,"Sannasy, Mageshwari*; Suraj , Satyam Kumar ; D, Ramya; S, Kanagalakshmi                                         "
911,Modular Multilevel Converter for EV Applications Based on Space Vector Pulse Width Modulation,"Pandey, Anuj; Ahmed, Irfan*; Sharma, Pooja"
957,Two Switch Extended Gain DC-DC Converter for Fuel Cell Electric Vehicle,"Bashir, Yasir*; Edpuganti, Amarendra"
984,Performance Optimization of Dual Active Bridge and Series Resonant DAB converter,"Priyadarshini, shipra*; Chakraborty, Surja Shekhar; Sahoo, Manoranjan"
1008,Comparative Study of Algorithms for PI Controller Tuning in SRM Using Split DC Converter,"Verma, Ekansh*; Misra, Himanshu"
1029,"1-D System Modeling and Performance Analysis of a Three- Stage, VSCF Generation System for Aerospace Applications","Vishwakarma, Vinod*; Shukla, Bhagvat; Meena, Shailendra; Thirumaran, KS Ezhil "
,,
,,
,,
,,
CRC 5-2,ORAL PRESENTATION #5,"July 10, 2026 | 04:30 PM to 06:00 PM"
Paper ID,Paper Title,Author Names
1037,IGBT based Three-Phase Inverter Design for Speed Control of BLDC Motor Operated Electrical Vehicle,"Kumar, Siddhyarth*; V. Hote, Yogesh"
1047,A Common-Ground High Step-Up DC–DC Converter Using Switched Inductor–Capacitor Networks,"Raj, Abhishek *"
1054,A New Inherent PFC Single-Stage Isolated AC/DC Converter,"Mohmmed*; Ahmad Dar, Jahangeer; Kumar Pathak, Mukesh; Singh, Bhim"
1062,Performance Evaluation of PI and Fuzzy Logic  Controllers for DC-Link Voltage Regulation in a Grid-Following PV Inverter,"Radhika, Goru*; G, Sasi Kumar; Kyadasi, Varun "
1065,Design and Analysis of Semi-isolated SIDO Flyback-boost Converter,"Thanvi, Somesh*; Gautam, Aditya R.; Vyas, Vedant"
1076, Dual Switch Ultra High Gain DC-DC Converters With Reduced Electric stresses for Fuel Cell Electric Vehicles,"Bashir, Yasir*; Edpuganti, Amarendra"
,,
,,
,,
,,
CRC 5-2,ORAL PRESENTATION #6,"July 11, 2026 | 09:00 AM to 10:30 AM"
Paper ID,Paper Title,Author Names
1077,Coordinated Torque Distribution for Efficiency Optimization in PMSM-based Series Cascaded Multi-Machine System for Electric Vehicles,"Bhati, Sachin*; Das, Shyama Prasad; Kant, Piyush"
1081,GA-based Stator Slot Optimization for Minimization of Torque Ripple in SCIM,"Sharma, Nitish*; Pathak, Mukesh Kumar"
1218,Design and Performance Comparison of Fractional Slot Concentrated Windings and Fractional Slot Overlapped Winding Interior Permanent Magnet Machines,"Gupta, Sagar*; Jain, Amit"
1419,Comparative Evaluation of Power and Inductor Current Characterstics of DAB Converter Using EPS and DPS Control Strategies,"Raja, Md Zishan*; Patel, Tejal ; Chudamani, R"
1473,Power and Inductor Current Analysis of Dual Active Bridge DC-DC Converter using Triple Phase shift Control,"PATEL, TEJAL*; R, Chudamani; Raja, MD Zishan"
1499,Modeling and Control of a Segmented Double-sided Linear Induction Motor,"Kukade, Piyusha; Surana, Prashant*; Dey, Anubrata; Shankar Bhagat, Abhishek; Roy, Kathika"
,,
,,
,,
,,
CRC 5-3,ORAL PRESENTATION #1,"July 9, 2026 | 09:00 AM to 10:30 AM"
Paper ID,Paper Title,Author Names
1505,A Single-Stage Grid-tied SPV System Using Fractional-Order LMF Control for Power Quality Enhancement Under Nonlinear Load Conditions,"SAHOO, SUDHIR KUMAR*; Panda, Anup Kumar ; Behera, Satyabrata "
1516,A Waveshaper-based Multilevel Bidirectional Converter for Medium-Voltage Induction Motor Drives,"Chakraborty, Shuvam*; Maiti, Suman; Panda, Saswat"
1524,"Design and Performance Analysis of Vector Controlled PMSM Drives using PI, Integral SMC, and AGSTA-Based Speed Controllers","Kakodia, Dr. Sanjay*; Edpuganti,  Amarendra; Dyanamina, Giribabu"
1529,Enhanced PR Controller for Three-Phase Active Front End Rectifier in Wireless Charging,"Mishra, Rajeshwar*; Kumar, S. Shiva; Alam, Aftab"
1533,Design and Experimental Validation of a Mamdani Fuzzy Logic Controlled Cascaded Buck Converter,"Kawate, Onkar; Mohan U, Greeshma*"
1554,Modeling and Performance Analysis of Electric Vehicle Powertrain for Various Drive Cycles with Charging While Driving Capability,"Chauhan, Dr. Siddharthsingh Kamaljitsingh*; Hirani, Kartik; Shah, Manisha; Tekwani, P. N. "
,,
,,
,,
,,
CRC 5-3,ORAL PRESENTATION #2,"July 9, 2026 | 02:00 PM to 03:30 PM"
Paper ID,Paper Title,Author Names
1618,Harmonic Controllability and Feasibility Limits Using Two Switching Angles,"Kalkal, pratik*; Arefifar, Seyed Ali "
1621,Robust Performance Evaluation and Comparative Analysis of Metaheuristic-Tuned FOC PMSM Drives under Diverse Dynamic Conditions,"Thasale, Shubham*"
1624,Seamless Wide-Speed Sensorless Control of a PMaSynRM Drive Using Hybrid HFSI–ASTSMO Estimation for SPV–Battery-Fed LEV Application,"Kumar, Sushant*; Kumar, Shailendra ; Kurm, Shashank; Sharma, Utkarsh"
1647,A Non-Isolated LCD-Cell Based Quadratic Boost Converter,"KRUPAKAR, VARIPALLI*; Subudhi, Bidyadhar; Narasimharaju, B L"
1651,A Novel Equivalent Circuit of DAB Converter to Investigate Current Stress and ZVS Range,"N, Sugumar*; Sarkar, Indrajit"
1665,Experimental Study of a Fault-Tolerant Multilevel Inverter for Solar Pump Drives,"RAO, M.NARASIMHA*; AIRINENI, MADHUKAR RAO; N, KARTHICK"
,,
,,
,,
,,
CRC 5-3,ORAL PRESENTATION #3,"July 10, 2026 | 09:00 AM to 10:30 AM"
Paper ID,Paper Title,Author Names
1674,Grid Based Optimal Power Monitoring Of Wireless Charging System for EV,"KARTHIK, S ROHAN*; Kumar G, Mohan ; PS, Tushar; N, Shreyas ; Savitha,  P B "
1697,Fault Detection and Isolation of Quadruplex PMSM motor using Model Predictive Control,"K.M, Divya*; Kaarthik, R. Sudharshan "
1708,Harmonic Elimination at Point of Common Coupling (PCC) with Switching angle Correction in Cascaded H Bridge Multilevel Inverters,"Kumar, Shubham*; Teja, A.V. Ravi"
1730,An ANN-based Open-Circuit Switch Fault Detection Method for Open-End Winding AC Motor Drives ,"Rao Dasari, Siva*; V T , Somasekhar"
1768,Optimized Location of BESS-SC Energy Storage System for Grid Inertia Support under High Wind Penetration,"M R, Siddappaji; Vasantha Gowri, N; Agarwal, Abhishek ; Shanmugasundaram, V; Sukhi, Y; Honnurvali, Mohamed Shaik; Rajagopal Reddy, B; Alazzam, Malik Bader ; Kandi, Bhanu Prakash*"
1790,T-Type Converter-based single-phase Universal Onboard Charger with V2X Capabilities,"SINGH, VISHRUTI*; Raveendhra, Dogga"
1792,Integrated Planar Magnetics based LLC Resonant Converter using Asymmetrical Imbalanced Winding Technique,"Rasheed, Syed; Sathyan, Shelas*; V. Kurup, Harikesh"
,,
,,
,,
,,
CRC 5-3,ORAL PRESENTATION #4,"July 10, 2026 | 02:00 PM to 03:30 PM"
Paper ID,Paper Title,Author Names
196,LOADING EFFECT OF ELECTRIC VEHICLE FAST CHARGING STATION  ON THE GRID SIDE  ,"Borkar, Aniket*; Satputaley, Rajshri; Manmadharao, S"
228,Nash Equilibria in Gaussian-Populated Hotelling Games for Electric Vehicle Charging Stations,"Gupta, Ajay*; Agarwal, Kanika ; Yadav, Rajni "
765,Optimal Control of a DAB Converter for Hybrid Solar–Grid EV Charging with LKAF-Based DQ Control for Power Quality Enhancement,"Kumar Bhaskar, Gulshan;  Kumar, Shailendra; Murari, Krishna*; Hasan, Md Shamim; Kamalasadan, Sukumar"
790,Decoupled Control Strategy for a Three-Phase Five Level Bidirectional SC-ANPC Grid-Connected  Converter with a Pre-Regulator Chopper,"Bhanuchandar, Aratipamula*"
963,A Logit–Inertia Enhanced Dynamic Equilibrium Framework for Power and Transportation Networks,"Sharma, Kailash*"
981,Application of V2H to Mitigate Distribution Transformer Deterioration from EV Charging Loads,"Singh, Satya*; Rather, Zakir"
,,
,,
,,
,,
CRC 5-3,ORAL PRESENTATION #5,"July 10, 2026 | 04:30 PM to 06:00 PM"
Paper ID,Paper Title,Author Names
985,Integration of Electric Vehicle Charging Station and Optimal DG Placement Considering Real Power Loss Minimization in Radial Distribution System,"KUMAR, VINOD*; Mathur, Akhilesh; Singh, V. P.; Meena, R. S."
1003,An Unified Active Equalizer Circuit For Simultaneous Cell to Cell and Module to Module Voltage Balancing in a Battery Pack,"Pradhan, Soumya Ranjan; Bara, David Mathias*; Sahoo, Manoranjan "
1005,Robust Control Design and Performance Evaluation of a Grid-Connected Bidirectional SPAR–DAB EV Charger for G2V and V2G Applications,"Kumar, Rohit*; Subudhi, Bidyadhar; Naik N, Venkata Ramana"
1451,A Series–Series–Series Compensated Charge-Controlled Integrated Wireless EV Charger with Auxiliary Power Supply,"Naramu, Avinash*; Wandhare, Rupesh"
1494,SVSS-LMS Adaptive Control for PV-EV Charging Station with Residential Load Integration and Grid Support,"Pandey, Shishupal*; GhatakChoudhuri, Sumit"
1502,Analysis of Event-Triggered Sliding Mode Control in Solar-Powered EV Charging Systems,"Borker, Animesh*; MANDADHI, VENKATESWARLU; Panda, Rakesh Kumar; Gangolu, Suryanarayana"
,,
,,
,,
,,
CRC 5-3,ORAL PRESENTATION #6,"July 11, 2026 | 09:00 AM to 10:30 AM"
Paper ID,Paper Title,Author Names
1493,Optimal Lithium-Ion Battery Charging Using Hildreth-based Constrained Model Predictive Control,"Acharya, Swastik ; Guha, Arijit*; Naskar, Asim Kumar ; Routh, Bikky "
1495,Design and Simulation of a Hybrid DC Microgrid for EV Charging Applications,"Purohit, Pranati*; Mishra, Shaswat; Ghosh, Arnab; Ray, Pravat Kumar"
1546,Performance Enhancement of a DFIG-Based Wind Farm Using Optimally Tuned PI Controllers,"Bhukya, Jawaharlal*; Shende , Souren "
1628,A Comparative Study of Control Techniques for Single Phase Active Power Factor Correction Circuit Topologies,"Duvvapu, Deepak Sai*; Mandal, Krishnendu; Barry, Venugopal Reddy"
1737,High-Power Multi-Voltage EV Fast-Charging System Using an 18-Pulse Transformer,"Mankotia, Rishabh*; Das, Anandarup ; Singh, Bhim"
1882,Adaptive Charging of Lithium-ion Batteries Based on State-of-Charge and Temperature for Enhanced Cycle Life,"Likhar, Yogesh*; Ramteke, Manoj; Keshri, Ritesh"
,,
,,
,,
,,
CRC 5-4,ORAL PRESENTATION #1,"July 9, 2026 | 09:00 AM to 10:30 AM"
Paper ID,Paper Title,Author Names
79,A Deep Learning Approach to State of Charge Estimation of Li-ion battery using ARN,"PATIL, ANOOPKUMAR*"
254,State of health estimation of lithium-ion battery using mechanical expansion features and deep learning model,"LAKSHMINARAYANA, BHIMIREDDY*; Singh, Satyavir; Dar, Tasadeek Hassan"
259,Cold Cranking Performance Enhancement in Trucks Using Ultracapacitor Based Energy Systems,"Shetty, Deepak*; Ballal, Makrand Sudhakar "
556,Determining the Most Suitable Electrolyzer Technology for a Hydrogen Storage-Integrated Rural Renewable Energy System,"Sharma, Ritu; Sannigrahi, Surajit*; Roy Ghatak, Sriparna "
583,Soc-aware Capacity Fade Optimization of LiFePO4 Battery in Hybrid Energy Storage System-aided Low Voltage Distribution System,"Prashanth T, Bhanu; Naware, Dipanshu*"
761,A Novel Sorption-Based Passive Cooling Strategy for High-Power Electric Aviation Battery Packs,"Gunti, Seeta*; Zhao, Chunrong; Verstraete, Dries"
,,
,,
,,
,,
CRC 5-4,ORAL PRESENTATION #2,"July 9, 2026 | 02:00 PM to 03:30 PM"
Paper ID,Paper Title,Author Names
878,Experimental Electro-Thermal Characterization and Entropy-Based Heat Analysis of an NMC Pouch Cell for Automotive Applications,"Babu, Aswath*; Jose, Parag; Gielinger, Sebastian; Bohn, Gunther"
906,A Novel Low-Computation Parameter Identification Method for Lithium-Ion Cells,"Kannojia, Pushpa*; Ahmad, Aaqib; Teja, Ravi"
918,Machine Learning based SoC and SoH Prediction of NMC Li-Ion Batteries for Electric Vehicle Applications using Pulse Test Profiles,"Chakraborty, Ekarna*; Kundu, Barnali; Shaw, Anshuman; Saha, Debasree; Mukhopadhyay, Manit; Kundu, Suchandra"
928,State of Charge Estimation Using Hyperbolic Sine Based Discrete Time Sliding Mode Observer,"Singh, Vishwa Pal*; Lambe, Amruta; Chakrabarty, Sohom"
1015,Experimental validation of CC-OCV based Kalman Filter for battery SoC Estimation under dynamic operations,"DASARI, SAI RAM SURYA LAKSHMI AVANTHIKA*; Udumula, Ramanjaneya Reddy; Bhamidi, Lokeshgupta"
1049,An Adaptive Objective Function Based Fast Charging for EV Batteries,"Kandula, Hanumantha*"
,,
,,
,,
,,
CRC 5-4,ORAL PRESENTATION #3,"July 10, 2026 | 09:00 AM to 10:30 AM"
Paper ID,Paper Title,Author Names
1382,Effect of JAYA-Based Noise Covariance Optimization on UKF Performance for SOC Estimation in Battery Electric Vehicle Cells,"Patel, Nilaykumar*; Patel, Ankur; Patel, Tigmanshu "
1383,Performance Analysis of Passive Cell Balancing for Identical and Non-Identical Li-ion Cells in Series Battery Packs,"Dasari, Kiran Sai*; Bassapa, Subba Reddy; Mopidevi, Subba Rao"
1525,Real-Time Joint State Estimation for Lithium-Ion Battery Pack Using Capacity Fade Dynamics for Battery Energy Storage Systems,"Mourya, Harsh*; Ranjita, Basitti ; Kumar, Shailendra; Nanaji, Katchala"
1673,Uncertainty-Aware Remaining Useful Life Prediction of Lithium-Ion Batteries Using Voltage Curve–Driven Gaussian Process Regression,"Tripathi, Arbhita*; Choudhary, Vedveer Singh ; Saxena, Saurabh ; Panigrahi, Bijaya Ketan "
1728,CuO Tuned MoS2 Nanostructures Integrated with rGO for Next-Generation Asymmetric Supercapacitor Device and Hydrogen Evolution Reaction application,"Chaudhary, Rahul*; Kumar Sharma, Ashwani; Kumar, Pradeep"
1745,A Comprehensive Review of Solar Power-Based Hydrogen Production Systems,"Das, Soumyabrata*; Gedam, Aryan; Jangilwar, Payal"
,,
,,
,,
,,
CRC 5-4,ORAL PRESENTATION #4,"July 10, 2026 | 02:00 PM to 03:30 PM"
Paper ID,Paper Title,Author Names
667,Comparative Analysis of Machine Learning and Deep Learning Approaches for Lithium-Ion Battery State of Charge Estimation Under Degradation Conditions,"Kamboj, Rahul*; Sharma, Riya; Bhat, Ashiq Nazir; Bala, Anju; Singh, Mukesh ; Singh, Ashima"
881,Practical Deployment of Multi-Modal Sensor Fusion on Autonomous Delivery Robot: Real-World Implementation and Performance Analysis,"JOSHI, HEM*"
1073,Machine Learning Inspired Multi-layer stacked aperture coupled circular antenna for IoT and 6G Communication in Electric Vehicles ,"SINGH, GURPRINCE*; Kumar, Ashwini; Kumar, Ashish; Singh, Manjeet"
1746,Dynamic Modelling and Performance Analysis of an Electric Vehicle Powertrain,"Kaushal, Jitender*"
1865,Intelligent Hybrid Battery Balancing System for Lead-Acid E-Rickshaw Packs,"Garg, Angel*; Singh, Manjeet; Singh, Kulbir"
1892,CNN-GRU Hybrid Architecture for Lithium-Ion Battery State-of-Health Estimation: A Reproducible Multi-Dataset Evaluation,"Sharma, Riya*; Lata, Suman; Kamboj, Rahul; Bhat, Ashiq; Singla, Chaitanya"
,,
,,
,,
,,
CRC 5-4,ORAL PRESENTATION #5,"July 10, 2026 | 04:30 PM to 06:00 PM"
Paper ID,Paper Title,Author Names
141,Perceptual Mapping among Buyers toward Electric Vehicles in India,"Raghuwanshi, Sandeep ; Sikarwar, Priyanka; Thakkar, Axita; Yadav, Archana*; Jani, Shailak; Harsora, Hiren "
1084,Adaptive Q-Learning-Driven PI–PD Control for Unstable Magnetic Levitation Systems Under Stability Region Constraints,"Dwivedi, Akanksha*; Karan, Aditya; Singh, Lalit Kumar; Ali, Ahmad"
1129,K-means Clustering Based Frequency Control for Marine Microgrids,"Waghmare, Akanksha*; Singh, V. P.; Mathur, Akhilesh"
1330,Advanced Modeling and Observer based LQR Control of Paralleled Dual Active Bridge Converter for EV Charger,"Dunna, Vijaya*; De, Dipankar; Sahu, Silpashree; Baghasingh, Baibhab; Patra, Ajit Kumar; Goel, Vinay; Narayanan, Ramasamy ; Davis, Thomas "
1510,An Optimal Regulation of Oxygen Excess Ratio in  PEM Fuel Cell Using Event-Triggered Sliding  Mode Control Under Varying Stack Current,"Yete , Yash ; Singh, Jay *"
1620,Energy Analysis of AUV Ascent: Comparing PD and Sliding Mode Control across Pitch Angles,"Nande, Shaounak*"
,,
,,
,,
,,
CRC 5-4,ORAL PRESENTATION #6,"July 11, 2026 | 09:00 AM to 10:30 AM"
Paper ID,Paper Title,Author Names
50,"Dynamic Precise, Fast, and Accurate Phasor Estimation Technique","KUMAR, RAVINDRA*; Tripathy, Manoj"
148,Online Measurement of Component Failure Rates of Integrated Circuits used in Safety Critical Systems of Nuclear Power Plant,"Singh, Dr.Pooja*; Singh, Lalit"
362,Adaptive Gain Sliding Mode-Based Active Disturbance Rejection Control for DC-DC Boost Converter,"KUMAR, NITIN*; Kumar, Sumit Ranjan; Haider, Faraz; Ali, Ahmad"
599,Robust Decoupled QFT Control for MIMO Pressurizer Systems in Pressurized Water Reactors,"Dwivedi, Akanksha*; Singh, Lalit Kumar; Ali, Ahmad"
869,Adaptive Backstepping Consensus Control for Multi-Agent Systems,"Narayan, Aditya *; Anand, Amit; Guha, Dipayan ; Purwar, Shubhi"
942,Single-Horizon Predictive Control for DC-Link Voltage Regulation in Active Battery–Supercapacitor Hybrid Energy Storage Systems,"Raikar, Sonaxi*; C G, Naveen Ram;  Vittal K, Panduranga"
,,
,,
,,
CRC 6-1,ORAL PRESENTATION #1,"July 9, 2026 | 09:00 AM to 10:30 AM"
Paper ID,Paper Title,Author Names
104,Bayesian probabilistic contingency analysis of power system using Likelihood free approach,"Gupta, Neeraj*"
156,Design and Analysis of Tilt PIDF Controller Approach for Frequency Regulation of Standalone Microgrid,"Annamraju, Anilkumar*; K M, Ravi Eswar ; Nareddy, Nageswara Reddy ; Avvari, Ravi Kumar ; C, 	Srinivasarathnam"
268,Robust Forecasting-Aided State Estimation for Active Distribution Networks Considering Solar  Uncertainty and Outliers,"P S, Soumya; Tiwari , Sukriti *"
399,Large-signal Stability Analysis of Grid-following Inverters using Phase Plane Method,"Shaktawat, Bhuvaneshwari*; Achlekar, Pankaj dilip "
591,Uncertainty-Aware Voltage Control for Sustainable Renewable-Rich Transmission Networks,"Palnati, Nihalini*; Swarup, Prof.K.Shanti"
791,Comparative Voltage Profile Assessment of Standard and PV-Integrated IEEE 9-Bus Power System Network ,"Ganguly, Arijit*; Kumar, Ramesh"
,,
,,
,,
,,
CRC 6-1,ORAL PRESENTATION #2,"July 9, 2026 | 02:00 PM to 03:30 PM"
Paper ID,Paper Title,Author Names
797,IMC-Based Virtual Inertia Enhancement for Frequency Control in Islanded Microgrids,"Sarwer, Gholam; Ajmeri, Moina; Aasim, Dr.*"
900,Optimal Scheduling of Multi-Energy Distributed Resources in an Islanded Microgrid with Plug-In Hybrid Electric Vehicles,"Kumar, Sameer; Mukhopadhyay, Bineeta*"
991,Contingency Ranking And Remedies For Secure Operation Of Real Interconnected Power Transmission Network,"Misra, Nidhi*; Misra, Anurag ; Felix, Cinderella ; Nema, Shikhar "
994,Minimization Of Power Loss and Discomfort Cost in Grid Connected Distribution Network Using Fuzzy-GA,"Rani, Shweta*; Chaduvula, Hemanth; Kumar , Yogendra ; Kashyap, Aditya "
1000,Performance and Control of Droop-Based Grid-Forming Converters with Energy-Aware Coordination in AC Microgrids,"Alam, Md.*; Bharadwaj, Pallavi"
1009,An Improved Backward–Forward Load Flow Analysis for Renewable Energy Integration in Distribution Networks,"Krishan, Ram*; Singh, Tanya"
,,
,,
,,
,,
CRC 6-1,ORAL PRESENTATION #3,"July 10, 2026 | 09:00 AM to 10:30 AM"
Paper ID,Paper Title,Author Names
1013,Sizing of Co-Located Battery Energy Storage for Thermal Power Plant Operational Flexibility in Renewable-Dominated Power Systems,"Bradiya, Mayank*; Rather, Zakir"
1028,Inertia Estimation and Frequency Stability Assessment of Controlled Microgrid,"SRAVAN KUMAR, KALLEPALLI*;  Krishan, Ram"
1033,Dynamic Security Assessment of Large Power Systems Under N−1 Contingencies,"Nandini, Sai*; Krishan, Ram"
1082,Reliability Evaluation Methods for WECS: A Case Study of Karnataka Wind farms,"Goudappanavar, Sangamesh*; Kulakarni, Apoorva"
1097,Impact Investigation of Segregated Large-Scale Plug-in Electric Vehicles on Optimal Vehicle-to-Grid Scheduling of Microgrid in Grid-Connected and Autonomous Modes,"VISWANATH, BELAGAVI*; PADHY, NARAYANA PRASAD; KHATOD, DHEERAJ KUMAR"
1306,Sensitivity Analysis of Dynamic Line Rating for ACSR Conductors using IEEE-738,"Singh, Shashank*; Mishra, Ashish Kumar; M. P., Vinod ; Romeis, Christian"
,,
,,
,,
,,
CRC 6-1,ORAL PRESENTATION #4,"July 10, 2026 | 02:00 PM to 03:30 PM"
Paper ID,Paper Title,Author Names
1385,Semi-Definite Programming Framework for Optimal Operation of Soft Open Points,"Sehgal, Sameer*"
1484,Adaptive ML Algorithm for Cyber Attack Detection and Mitigation in Islanded DC Microgrids,"Kumar, Aditya; Kumar, Rahul*; Sivasubramani, S."
1543,Optimum Capacity Planning of Distributed Generation and Electric Vehicle Charging Station in Distribution System ,"Sabbanwar, Swati; Saha, Subhodip *; Arora, Akanska "
1653,Resilience-Oriented Dynamic Network Reconfiguration for Radial Distribution Networks with High EV Penetration,"LAKSHMI, SHUBH*;  Singh, Vivek Kumar"
1814,A Modified Terminal Sliding Mode Controller for Fault Characteristic Compensations in Bushfire-Prone Electrical Distribution Networks,"Roy, Tushar Kanti; Mahmud, Md Apel*"
1815,A Nonlinear Partial Feedback Linearizing Distributed Control Scheme for Islanded DC Microgrids,"Mahmud, Md Apel*; Roy, Tushar Kanti"
,,
,,
,,
,,
CRC 6-1,ORAL PRESENTATION #5,"July 10, 2026 | 04:30 PM to 06:00 PM"
Paper ID,Paper Title,Author Names
698,PSO-ODC Control for Accurate Reactive Power Sharing in Islanded Microgrids,"DIWAN, SEEMA*; Diwan, Pradeep; Linus, Rajin"
971,Short-Range Wind Speed Prediction Using Data-Driven and Deep Neural Approaches: A Comparative Evaluation,"Das, Sudhansu*; Chouhan, Muddit; Tripathi, Kushagra ; Nikhare, Arnav "
1145,Solution of Optimal VAr Planning Problem Using Efficient Meta-Heuristic Technique,"Rajan, Abhishek*; KUMARI, JYOTI; Anand, Adarsh"
1472,Quantum–Deep Hybrid Intelligence for Adaptive Electrochemical Storage Orchestration in EV-Driven Microgrids,"Ventrapragada , Gowri Sandeep*; A, Narendrababu; Sriramula, Tharun "
1551,MLP-based Approach for Prediction of Severe Sub-Synchronous Oscillations in DFIG-Integrated WF ,"Bhukya, Jawaharlal*;  Meshram , Sameer P.; Das, Soumyabrata "
1568,Multi-Objective Reinforcement Learning for Shared Energy Storage Management in Peer-to-Peer Microgrids,"Shake, Rasheed*"
,,
,,
,,
,,
CRC 6-1,ORAL PRESENTATION #6,"July 11, 2026 | 09:00 AM to 10:30 AM"
Paper ID,Paper Title,Author Names
930,Market-Consistent Multi-Part Tariff Design for Renewable-Dominated Power System,"Sharma, Manish*; Tyagi, Barjeev"
1253,Decision-Aware Machine Learning for Load Forecasting Using Price-Weighted Learning in Smart Grids,"Rao, T. Lokanadha *; SEKHAR, B ; Nagaraju, Subuddi ; Ejjirotu, Raghu Babu ; Kalla, Kanaka Raju; Rohit, Ruppa ; Tarun, Tandarapu ; Nithin, Suggu ; DurghaPrasad, Dandasi "
1530,From Static Audits to Virtual Replicas: A Digital Twin Framework for Net-Zero Smart Buildings,"Gambhir, Jaimala ; Jindal, Yashan*; Sharma, Kartik"
1648,Comparative Analysis of Conventional and Fractional-Order Low-Pass Filter Based Droop Control for Grid-Forming Converters,"Chiranjeev*; Kumar, Vishal; Tyagi, Barjeev"
966,Adaptive Thermo Degradation Entropy (ATDE) Based Reliability Analysis of Nine Level Multilevel Inverter,"Tiwari, Dr.Dinesh*; Srivastava, Ashish ; Singh, Abhishek Kumar"
1004,A Self-Boost Self-Balanced 11-Level Hybrid Multilevel Inverter with Reduced Switch Count,"S, NANDANA *; Roy, Tapas"
1795,Five Level Sensor Less Rectifier,"CHAPPA, ANILKUMAR*; Sahu, Lalit Kumar "
,,
,,
,,
,,
CRC 6-2,ORAL PRESENTATION #1,"July 9, 2026 | 09:00 AM to 10:30 AM"
Paper ID,Paper Title,Author Names
48,Reliable Generation from Renewable Sources,"Thomas, Anil*"
287,Local Grey Predictor Based on Cubic Polynomial Realisation for Annual Electricity and Per Capita Energy Consumption Forecasting in India,"Saxena, Akash; Bansal, Ajay Kumar*"
392,ADMM-Based Decentralized Power Trading Framework for Multiple Microgrids in Distribution System,"Sharma, Kailash*"
956,Peer-to-Peer Energy Trading in Community Microgrid Considering Battery Energy Storage and Demand Side Management,"Salim, Leela*; Farhan M A, Aneesa "
1017,Impact of Prosumer Population on Economic Efficacy of Continuous Double Auction based Peer-to-Peer Local Electricity Market ,"Bolewar, Snehith*"
1552,Profit Maximization Framework of Demand Response Aggregator,"Thallapally, Pavani*"
1684,Community Retail Tariff Design through Non-Symmetric Buying and Selling Prices,"Meena, Aasheesh Kumar; Maurya, Anchal; Kiran, Deep*"
,,
,,
,,
,,
CRC 6-2,ORAL PRESENTATION #2,"July 9, 2026 | 02:00 PM to 03:30 PM"
Paper ID,Paper Title,Author Names
16,AI-driven Predictive Maintenance in Smart Grids,"Mandal, Rajasi*"
19,Novel enhanced Northern Pintail optimization algorithm for loss reduction and voltage stability improvement ,"Kanagasabai, Dr Lenin*"
120,Design of an Integrated Model for Hybrid AI–Physics CoOptimization and Validation in Transmission–Distribution Power Networks,"Sakhare, minakshi*; Wakte , Ganesh ; Pande, Mukul; Kite, Mrunali"
154,Fault Prediction in Nuclear Power Plants using AI,"Singh, Dr.Pooja*; Thennarasu, Pooja; Singh, Lalit"
278,Enhancing Hybrid AES using Static and Dynamic AES for Resource Constraint Environment,"Mishra, Zeesha*; Gandhi, Nishi; Bhunal, Prashant"
298,Quantum-Resilient Authentication Protocol for Secure V2G Communications,"Parameswarath, Rohini Poolat*; Sikdar, Biplab"
311,Time Aware Hybrid Ensemble Framework for Renewable Energy Forecasting in Battery integrated Smart Microgrids,"RANGU,  SESHU KUMAR*"
,,
,,
,,
,,
CRC 6-2,ORAL PRESENTATION #3,"July 10, 2026 | 09:00 AM to 10:30 AM"
Paper ID,Paper Title,Author Names
317,A Low-Cost ESP-NOW Based Bidirectional Vehicle-to-Vehicle Communication Framework with IoT-Enabled Smart Battery Monitoring.,"Kumar Yadav, Anand*; Dubey, Ankit; Kumar Verma, Arun"
324,Condition Assessment of Metal Oxide Surge Arrester Using Empirical Wavelet Transform (EWT) aided Tuned SVM Based Machine Learning under Noisy Environment ,"KUMAR, NIRANJAN*; Jana, Chandan"
360,Improved Short-Term Power System Load Forecasting through Intelligent Techniques,"Mishra, Praveen*; Singh, Manjeet ; Singh, Sanju Kumari "
363,Machine Learning based Global Maximum Power Point Tracking in Photovoltaic Systems Under Partial Shading Condition ,"MAURYA, MANOJ*"
384,Physics-Informed Hybrid Predictive Modeling of Battery States and Prognostics for Electric Vehicles,"S N, Deepa*; Agarwal, Jatin; Aariz Imran, Mohammad; Singh, Raj ; Tiwari, Sudhanshu; R, Rajesh"
603,Impedance Estimation of Railway Traction Networks Using Random Forest Regression-based Technique,"PRAJAPATI, JITENDRA*; Bhalja, Bhavesh R."
,,
,,
,,
,,
CRC 6-2,ORAL PRESENTATION #4,"July 10, 2026 | 02:00 PM to 03:30 PM"
Paper ID,Paper Title,Author Names
690,Resilient Detection and Control in DFIG-Driven Wind Energy System Under Cyber Attacks,"PAUL, SUMIT*"
901,Probabilistic Solar Energy Forecasting Using Liquid-Time Constant Neural Network,"Pandit, Bikash*; Chaudhary, Santosh; Kumar, Rajesh; Gehlot, Naveen"
916,Diabetic Retinopathy Classification from OCT Images: A Comparative Study of CNNs and Hybrid Multifractal Architectures,"Dadiyala, Charanjeet*; Welekar, Rashmi; Jaiswal, Ankita; Pande, Aditi; Ainchwar, Om"
968,Neural Network Based Network Equivalencing for Static Security Assessment in Power Systems,"P, Sai Nandini*; Borgoyary, Leonardo; Krishan, Ram"
978,Very Short-Term Power Load Forecasting Based on Hybrid VMD-LSTM Neural Network,"Chauhan, Hardik*; Funde, Nitesh; Dixit, Rahul"
1006,Machine Learning Enhanced Model Predictive Control for Voltage and Frequency Regulation in Islanded Microgrids,"DEVARAPALLI, VIMALA*; Avanthika, D S R S L ; Naresh Kumar, V; Lokeshgupta, B; Tewari, Somesh Vinayak "
,,
,,
,,
,,
CRC 6-2,ORAL PRESENTATION #5,"July 10, 2026 | 04:30 PM to 06:00 PM"
Paper ID,Paper Title,Author Names
1066,A Human-Centered Edge-Intelligent Framework for Efficient Peer-to-Peer Energy Trading Integrating Blockchain-Based Auditability,"Bhardwaj , Saatvik *; Naveed, Muzaffar; M Parimi, Alivelu"
1284,Virtual Temperature Sensor Modeling Framework for Electric Vehicle Motors using Ensemble Machine Learning Models,"Gautam, Suryakant*; Upadhyay, Khushi ; Maheshwari, Ansh"
1446,Power Quality Enrichment In Grid Integrated Renewable Energy System Using Decision Tree Machine Learning Algorithm,"MONU, SATYENDRA*; JHA, SHATAKSHI; MATTA, ANKITA"
1503,A Dual-Branch CNN–Transformer Network for Intelligent Fault Detection and Classification in Transmission Lines Using Multi-Signal Time-Series Data,"Koyi, Kotaiah chowdary*; Venkata Rao, Parusubothu ; Sai Kiran,  Lotti ; Sunny, Nuthulapati ; janaki prasanthi, Dasireddy "
1622,Implementation of RNN-based Algorithms for Li-Ion Battery Cells State of Charge (SoC) Estimation,"Ram, Subhash*; Jindal, Madhav; Prasad, Devannsa; Verma, Brijendra Kumar"
1667,Enhanced Tie-line Bias Control with Utility-scale Solar Plants using Transformer based Predictions of PV Generation Index and Power,"Walters, Michael*; Venayagamoorthy, Kumar"
,,
,,
,,
,,
CRC 6-2,ORAL PRESENTATION #6,"July 11, 2026 | 09:00 AM to 10:30 AM"
Paper ID,Paper Title,Author Names
155,Fault Prediction of Safety Critical Systems using Artificial Intelligence – A Review ,"Singh, Dr.Pooja*; Thennarasu, Pooja; Singh, Lalit"
1687,A False Data Injection Attack–Resilient State Estimation Framework,"Chauhan, Kapil*; Yadav, Priyanka; Arif, Md; Kumar Gaur, Vishal; Veerasamy, Veerapandiyan"
1760,HIGH-EFFICIENCY SOLAR PANEL FAULT  DETECTION RANDOM FOREST ALGORITHM  PREDICTIVE MODELING ,"C, Karthikeyan*; P, Nithya; Sivasundharam, Malatthi; S S, Tharaniesraj; S, Jananii; L S, Dinakaran"
1793,Fuel Consumption Anomaly Detection And Vehicle Usage Degradation Using A LSTM Autoencoder,"Bhowmick, Sudharshan Kumar*; M, Dr. Mahalakshmi"
1868,Transformer-Enhanced Digital Twin Architecture for Robust and Interpretable Lithium-Ion Battery State-of-Health Prognostics,"GOSWAMI, ARKA; Das, Sourav *; Kar, Subhajit"
,,
,,
,,
,,
CRC 6-3,ORAL PRESENTATION #1,"July 9, 2026 | 09:00 AM to 10:30 AM"
Paper ID,Paper Title,Author Names
1351,ANN-based Multiport DC-DC Converter for Parallel Energy Management of FC-HEV Application,"SAWANT, NITIN; VEERENDRA, A S*; SHIVARUDRASWAMY, R"
1592,Adaptive Hysteresis Current Control of High Frequency Totem-Pole PFC Converter: Design and Performance Evaluation,"Banik, Sulabh; Paramasivam, Padmagirisan*; Kiran, Karuna"
1689,A Tsallis Entropy Framework for Reliable Islanding Detection in DC Distribution Systems,"Sivasankaran, Mohan Sundar ; Murugesan, Suman*"
1690,Shannon Entropy Assisted Unplanned Islanding Detection in Active DC Distribution Systems,"Sivasankaran, Mohan Sundar; Murugesan, Suman*"
1712,Development of a Smart Electric Vehicle Charging Scheduler Using a Weighted Sum Model ,"P, PONRAJ*; S, Sathish ; S, Sudharson ; S, Tharun Karthikeyan"
1830,DESIGN AND IMPLEMENTATION OF THE WIRELESS CHARGING SYSTEM FOR ROAD ON ELECTRIC VEHICLES,"Raman , Balireddy *; S A, Abisekh ; J S, Suvathi Priya ; K, Ugesh Ram "
,,
,,
,,
,,
CRC 6-3,ORAL PRESENTATION #2,"July 9, 2026 | 02:00 PM to 03:30 PM"
Paper ID,Paper Title,Author Names
1611,Design and Analysis of a 3.3 kW Multifunctional Onboard EV Charger with Improved Power Factor,"Singh, Nidhi*; Roy Choudhury, Tanmoy ; Pati, Ashutosh "
1740,Nonlinear Control using Cubic Beizer Adaptive Filter in RES based EV Charger For Power Enhancement,"Mittal, Sudhanshu*; Singh, Alka; Chittora, Prakash ; Kumar, Prashant "
1491,Sniffing out thermal runaway in energy storage systems via optimized gas sensor placement,"PATIL, SANJEEV*; Ghosh, Samsaptak; Bharadwaj, Pallavi"
1606,Thermal Management of a Prismatic LFP Battery for a Retrofitted Vehicle,"Mondal, Sudipta; Gupta, Amitava; Biswas, Nirmalendu*"
1657,A Numerical Study on Nanofluid-Based Liquid Cooling Systems for Battery Thermal Management,"Narayan, Pranay; Behera, Chinmaya; Ghosh, Suman*"
1723,Pack-Aware Statistical Detection and  Localization of Internal Short Circuit Faults in  Lithium-Ion Battery Arrays Using an  Abnormality Score ,"Samanta, Koushik*; Mishra, Saumendra Nath; Bannerjee, Dhrubak ; Sarkar, Sourav; Mukhopadhyay, Achnitya "
1782,A Closed-form Approach to Determination of Interior Temperature of a Prismatic Cell under Electrical Heating from Surface Temperature Data,"Bhattacharya, Soham; Kumar, Priyanshu; Mukhopadhyay, Supurna; Mishra, Saumendra Nath; Sarkar, Sourav; Mukhopadhyay, Achintya*"
,,
,,
,,
,,
CRC 6-3,ORAL PRESENTATION #3,"July 10, 2026 | 09:00 AM to 10:30 AM"
Paper ID,Paper Title,Author Names
922,Non-Isolated Large Step-Down DC-DC Converter  For Small Scale Hydrogen Generation.,"Priyadarshi, Shubham *; Sharma, Preeti; Kumar, Rajneesh ; Pande, Surojit"
982,Design and Assessment of a Grid-Synchronized Nine-level-boost Inverter for Distributed Energy Integration,"Kumar Jena, Sushant ; Sen, Priyanka*; Prasad Panda, Kaibalya ; Ray,  Pragnyashree "
1461,Three-Phase Bridgeless Interleaved Boost PFC Converter for EV Front-End Applications with Multiple Loads,"Nallamekala , Kiran *; Karra, Pranathi ; Srivastava, Ankur; Menda, Pavani"
1644,An Innovative Bidirectional Wireless Power Transfer Topology,"SHARMA, PREETI*; Meraj, Subia ; Prasad Panda, Kaibalya; Alam, Bilal; Shukla, Vipin"
1668,Analytical Modeling and Simulation of a Dynamic Wireless Power Transfer System Derived from a Stationary Architecture,"Khan, Farha; Alam, Bilal*; Sharma, Preeti; Islam, Shirazul; Khan, Mohd. Arif; Iqbal, Atif "
1731,A High-Efficiency Non-Isolated Buck Converter for Low Power Application ,"Patel, Chirag *; Sharma, Preeti; Joshi, siddharth"
,,
,,
,,
,,
CRC 6-3,ORAL PRESENTATION #4,"July 10, 2026 | 02:00 PM to 03:30 PM"
Paper ID,Paper Title,Author Names
500,Fast Diffusion with Physics-Correction for ACOPF,"Shekhar, Shashank; Karn, Abhinav; Keshav, Kris; Bansal, Shivam; Pareek, Parikshit*"
938,Rethinking Neural Width for Alternating Current Optimal Power Flow Proxies,"Khandelwal, Dhruvi ; Basistha, Anurag ; Jolotia, Ayushi*; Pareek, Parikshit"
1071,Comparative Analysis of Classical and Hybrid Quantum Recurrent Models for Photovoltaic Power Forecasting,"Challapalli, Sowmya Sree ; Devara, Dheera ; Mahto, Tarkeshwar*; Raju, Bathula ; Lella, VeeraKotlu; Yadav, Amit Kumar"
1079,Comparative Study of HQNN and MLP Models for Photovoltaic Power Forecasting,"Devara, Dheera; Challapalli, Sowmya Sree ; Mahto, Tarkeshwar*; Raju, Bathula; Leela, VeeraKotlu; Saxena, Vigya "
1087,Baseline Random Forest Regression for Multi-Site Photovoltaic Power Forecasting,"Raju, Bathula ; Lella, VeeraKotlu ; Dheera Devara, Dheera Dheera Devara; Challapalli , Sowmya Sree ; Singh, Satyavir ; Mahto, Tarkeshwar*"
1119,Comparative Evaluation of Zero and First Order Equivalent Circuit Model of Joint SOC-SOH Estimation using Correlation Analysis,"Nanse, Nanse*; Khalkho, 	Anant"
,,
,,
,,
,,
CRC 6-3,ORAL PRESENTATION #5,"July 10, 2026 | 04:30 PM to 06:00 PM"
Paper ID,Paper Title,Author Names
255,Design of Solar-Powered Charge Controller for Multiple Battery Technologies,"MOHALE, VIJAY*; Waghmode , Amey ; Kazi , Faruk ; Kumar , Shailendra "
874,Modelling and Performance Analysis of Permanent Magnet Synchronous Motors (PMSMs) with Various PM Materials for Electric Vehicular Applications,"Jamnani, Jitendra *; Jani, Swapnil"
888,Performance Analysis of an FOC-SVPWM BLDC Motor Drive Using Real Three-Wheeler Operating Data,"Kumar, Adarsh *; ., Nitika; Singh, Jiwanjot"
891,Performance Evaluation of Conventional and Advanced Control Techniques for BLDC and PMSM Drives in Electrical Vehicle Application,"Nitika*; Kumar, Adarsh; Singh, Jiwanjot"
1023,Non-Isolated Dual-Input Synchronous Boost DC-DC Converter for Telecom Applications,"N, NISHAD*; SAMPATHIRAO, SASHIDHAR"
,,
,,
,,
,,
CRC 6-3,ORAL PRESENTATION #6,"July 11, 2026 | 09:00 AM to 10:30 AM"
Paper ID,Paper Title,Author Names
1114,"Capacity Loss and Drive Range Anxiety Analysis for Normal, Fast, Delayed and Adaptive Charging Strategies of Electric Vehicles","S, Suraj*; Manjarekar, Narayan S; Barik, Soumyabrata; Swain, Sudarshan"
1122,Efficient Variable-Frequency Control of a Half-Bridge LLC Resonant Converter for CC–CV Li-Ion Battery Charging,"GUPTA, Shubham Raj*; Swain, Sudarshan; Rao, Ayush Suresh"
1514,Design and Analysis of Solar PV Multilevel Inverter Drive for High-Performance Electric Vehicles with Fuzzy MPP Technique,"BhanuTej, J N*"
1557,Comparative Study of CMV Variation in Three- Level NPC-Based VSCs,"HIREKAR , KISHOR *; Devwrat, Devwrat; A, Naredndrababu;  Alam, Mohd "
1682,"Design of 28V to 200V, 400Hz Three-Phase Power Supply for Airborne Applications. ","Sarania, Bitupan*; Ghoshal, Anirban"
,,
,,
,,
CRC 6-4,ORAL PRESENTATION #1,"July 9, 2026 | 09:00 AM to 10:30 AM"
Paper ID,Paper Title,Author Names
835,Hybrid AI Models for Real-Time Net Load Forecasting in Disaster-Resilient Microgrids,"Gupta, Meenakshi; John, Anna; OV, Gnana Swathika*"
947,Resilience-Oriented Multi-Stage MPC for Electricity-Hydrogen Microgrids,"Singh, Balveer ; None, Priyvrat*; Maulik, Avirup; Paul, Subho"
1336,State of Charge Estimation of Lithium-Ion Batteries Through Experimental Data-Based Analysis,"Gadda, Venkata *; M, Pavan Kumar"
1467,Integrated Control of Boost Converter and SVPWM Inverter for PMSM Motor in Electric Vehicle,"Muni raja, Sandra*; Sai Prakash, Chidurala; Sen, Sachidananda"
1646,Image Processing-based multiple faults diagnosed in Solar Photovoltaic power generation Systems,"Sai Prakash , Chidurala*; Sowjanya, Hepsi; Velpula , Srikanth "
,,
,,
,,
,,
CRC 6-4,ORAL PRESENTATION #2,"July 9, 2026 | 02:00 PM to 03:30 PM"
Paper ID,Paper Title,Author Names
1173,Automatic Secured Parking System ,"Pathak, Abhishek Kumar; Patankar, Sanika; kulkarni, Jayant; Gudekar, tejas*; Patil, Pranit; Gotekar, Aditya"
1211,TOGAF–OSA Driven Hybrid UEBA–SIEM Architecture for Smart Threat Detection in Critical Infrastructure,"J, Jarvis*"
1243,Innovative Hybrid BIPV Topologies for Reliable GMPP Enhancement under Complex Shading in Sustainable Urban Environments,"Bodkhe, Nikhil Arunrao ; Sarkar, Debayan*; Mal, Risha "
1669,An Integrated Cyber-Physical-Financial Risk Assessment in Power Distribution Networks ,"VALLEM, V V S N MURTY*; Sharma, Ashwani Kumar"
409,A NOVEL ANR ALGORITHM FOR SPV INTEGRATED GRID SYSTEM,"Anasane, Sarika*"
,,
,,
,,
,,
CRC 6-4,ORAL PRESENTATION #3,"July 10, 2026 | 09:00 AM to 10:30 AM"
Paper ID,Paper Title,Author Names
1012,Sustainable Hydrogen Production Using Grid-Connected PV–Battery–Electrolyser Systems for Data Centers using an Advanced Controller ,"Prasad, Tanu*; Kumar, Shailendra; Kurm, Shashank"
1411,AI-Based Surrogate Digital Twins for Fast Power Flow Analysis in Distribution Systems,"Verma, Vikash ; Dev, Ark*; Kumar, Vineet; Kundu, Shubhrajyoti; Suresh, Tejavath; Shah, Digesh"
1531,Interoperable Digital Twin for Synchronized Monitoring of Multi-Cluster Microgrids,"Basumatary, Khwrwmdao*; Shukla, Anup"
1590,Robustness-Aware Multi-Class Fault Diagnosis for PV-Integrated Microgrids Using an Interpretable Random Forest Framework,"ANSARI, Dr AFTAB*"
1638,A Novel Fast-Convergence Quantum Affine Projection  (q-APL) Control for Hybrid Renewable Microgrid Intended for Electric Vehicle Charging,"KUMAR, SANJAY*; Kumar , Shailendra ; Singh, Bhim "
1835,AI-Based Fault Detection and Feature Selection for Reliable Operation of PV-Based Industrial Microgrids,"ANSARI, Dr AFTAB*; Rangawat, Rishabh "
1849, Self-Adaptive based fuzzy tilt controller for hybrid deregulated power system  penetration of demand response methodology,"Vidyarthi, Prabhat*; Abhishek, Abhishek; Kumar, Ashiwani ; Yadav, Poonam"
,,
,,
,,
,,
CRC 6-4,ORAL PRESENTATION #4,"July 10, 2026 | 02:00 PM to 03:30 PM"
Paper ID,Paper Title,Author Names
389,ESP32-Based Multi-Sensor Rover for Landmine and IED Detection,"Aduru, Veera Reddy; Pedavegi, Teja Sai Naga Kumar; Abdul, Jamilunnisa*; Shaik, Mobeena begum; Pappu, Praveen Kumar"
615,DETECTION OF FAULT’S IN TRANSMISSION LINES USING NUMERICAL RELAY D60 AND ENERVISTA SOFTWARE,"Sindhuja, M.; VENKATESWARA RAO, Dr B *; Sirisha, K.; Shaini, L.; Amulya, J."
862,A comparative Analysis on Multi-technique approach for data aggregation in WSN,"Priya, S Padma*"
879,Fault Detection of Incipient Conditions in Microgrids Using Machine Learning ,"VADLAMUDI, BINDU*"
1193,War Strategy Optimizer for Optimal Load Dispatch in Non-Convex Power Systems,"Pathania, Uday*"
1396,An Optimal Electrochemical Parameter Extraction in Proton Exchange Membrane Fuel Cells,"Nagesh, D ; Devarapalli, Ramesh*; S S, Kumaresh"
1595,A Novel Octopus Optimization Approach for Efficient MPPT in Solar Photovoltaic Systems under EN 50530 Dynamic Conditions,"Devarapalli, Ramesh ; VENKATESWARA RAO, Dr B *; Lakhimsetty, Suresh "
,,
,,
,,
,,
CRC 6-4,ORAL PRESENTATION #5,"July 10, 2026 | 04:30 PM to 06:00 PM"
Paper ID,Paper Title,Author Names
1636,Development of Real-time Framework for Extracting Fundamental Sinusoid Using NCO Supported Goertzel Algorithm,"Vyas, Dhaval; Vadadoriya, Soham; Kallamadi, Manjunath*"
541,Quantum Key Distribution Applications for Enhancing Smart Grid Security Against False Data Injection Attacks,"BRUNDAVANAM, SESHASAI*; Ghosh, Subhojit; Koley, Ebha"
604,TSO import reduction with optimal FSP for loss minimization in active distribution networks,"Rao, T Koteswara; Rana , Ankur*"
826,A Data-Driven Inertia Estimation And Forecasting Approach Using Hybrid Deep Learning Model,"Ningombam, Rabina ; SREEKUMAR, SREENU*; Satheesh, Rahul; Suresh, Vishnu"
1153,Adaptive MPC-Based Thermal Control of Lithium-Ion Batteries for Electric Vehicles,"J, LalithKishore; S R, Nidish ; Rakshan, Sriman ; K, Gwtham; Satheesh, Rahul*; Kolhe, Mohan Lal "
1513,Overview of Voltage Sag Evaluation and Mitigation Techniques for Electrical Power Systems,"Gunaga, Shruti*; Hemakumar Reddy,  Galiveeti ; Bhattacharya, Devjani ; Gope,  Sadhan "
,,
,,
,,
,,
CRC 6-4,ORAL PRESENTATION #6,"July 11, 2026 | 09:00 AM to 10:30 AM"
Paper ID,Paper Title,Author Names
402,Gradient-Guided Convex Classification Surrogates for Mathematically Tractable Transient Stability Assessment in Hybrid AC/DC Microgrids,"Liu, Xuan*; Zhao, Tianyang; Liu, Xiong; Di, Qiang; Yang, Zhixin; Deng, Lianbing"
411,Distinguishing Cyber-Attacks and Faults in Smart Grid Using Machine Learning Classifiers,"Pratik*; Kishore, Shradha; Srivastava, Adhishree"
847,EvoNAS: Joint Evolutionary Optimization of Heterogeneous Data Pipelines and Neural Architectures,"M, Mukesh Charan*; Mugalya, Rohit; M, Chandralekha; Raj, Rahul"